{"cameraMode":{"drawMode":0,"name":"Shaded","section":"Shading Mode"},"sceneLighting":true,"audioPlay":false,"sceneViewState":{"m_AlwaysRefresh":false,"showFog":true,"showSkybox":true,"showFlares":true,"showImageEffects":true,"showParticleSystems":true,"showVisualEffectGraphs":true,"m_FxEnabled":true},"in2DMode":false,"pivot":{"x":-9.522871017456055,"y":-104.15277862548828,"z":290.9879455566406},"rotation":{"x":-0.17162048816680909,"y":0.01654593087732792,"z":-0.002882984234020114,"w":-0.9850144386291504},"size":159.8133087158203,"orthographic":false}