{"cameraMode":{"drawMode":0,"name":"Shaded","section":"Shading Mode"},"sceneLighting":false,"audioPlay":false,"sceneViewState":{"m_AlwaysRefresh":false,"showFog":true,"showSkybox":false,"showFlares":true,"showImageEffects":true,"showParticleSystems":true,"showVisualEffectGraphs":true,"m_FxEnabled":true},"in2DMode":false,"pivot":{"x":-1.7729992866516114,"y":0.9686499834060669,"z":-2.1168408393859865},"rotation":{"x":-0.23180462419986726,"y":-0.015959395095705987,"z":0.002896188525483012,"w":-0.9723909497261047},"size":0.08952649682760239,"orthographic":false}